[
    {
        "Name": "aDaD.-",
        "Email": "aaaa04@gmail.com",
        "Username": "aDAds09_",
        "Password": "AAAAssss@",
        "Confirm Password": "AAAAssss@",
        "Gender": "on",
        "Date": "2023-02-07"
    },
    {
        "Name": "aDaD.-",
        "Email": "aaaa04@gmail.com",
        "Username": "aDAds09_",
        "Password": "AAAAssss@",
        "Confirm Password": "AAAAssss@",
        "Gender": "on",
        "Date": "2023-02-07"
    },
    {
        "Name": "AaaA.-",
        "Email": "aaaa07@gmail.com",
        "Username": "aAAAa09_",
        "Password": "AAAAssss@",
        "Confirm Password": "AAAAssss@",
        "Gender": "Male",
        "Date": "2023-02-11"
    }
]